{"tarin_loss": [33.54565063355461, 29.562429973057338, 28.10434998406304, 27.20303117661249, 26.44017355782645, 25.355625303964768, 24.80197376675076, 24.41799781436012, 24.058807584974502, 23.737916007874503, 23.44151957072909, 23.179806603325737, 22.944678018963526, 22.745921240912544, 22.53919774010068, 22.362839804755318, 22.21702760363382, 22.06338031708248, 21.90923415289985, 21.795256629822745, 21.655296810089595, 21.561181113833474, 21.43170041886587, 21.35955259535048, 21.270344113546706, 21.17535969567677, 21.074683355906654, 21.01379300677587, 20.931630179995583, 20.871127113463388, 20.780002805921768, 20.719547846960644, 20.64564287094843, 20.612606987120614, 20.53533096918984, 20.468109312511626, 20.416081595042396, 20.376598872835675, 20.345018296014693, 20.286878434438552, 20.263065943642268, 20.185603701879106, 20.15803113059392, 20.091256550380162, 20.04192028348408, 20.02894465128581, 19.970956469339036, 19.936271364726718, 19.91130498855833, 19.85414623078846, 19.83612617613777, 19.782738761296347, 19.751197330535405, 19.69479242960612, 19.68367352561345, 19.65682744222974, 19.60208723280165, 19.576255768064467, 19.56671811663915, 19.558618121676975, 19.510052151150173, 19.455562076871356, 19.444277839055136, 19.41662679399763, 19.392025478302486, 19.360334608289932, 19.329839040362646, 19.29340716770717, 19.292023552788628, 19.263386469038707, 19.24097978501093, 19.210365719265408, 19.169327145531064, 19.176920027959916, 19.133887881324405, 19.121306313408745, 19.09160290067158, 19.09033866155715, 19.064476739792596, 19.035635539463588, 19.039315511309912, 19.00206148056757, 18.9810368674142, 18.955447000170512, 18.942182147313677, 18.90241135491265, 18.888722404601083, 18.916601604885525, 18.848738413008434, 18.83544952150375, 18.821074591742622, 18.80730971079024, 18.805179141816637, 18.77723633296906, 18.767088208879745, 18.737736232697017, 18.73266359359499, 18.72713894314236, 18.69606081644694, 18.6772341652522], "epoch": [0, 1, 2, 3, 4, 5, 6, 7, 8, 9, 10, 11, 12, 13, 14, 15, 16, 17, 18, 19, 20, 21, 22, 23, 24, 25, 26, 27, 28, 29, 30, 31, 32, 33, 34, 35, 36, 37, 38, 39, 40, 41, 42, 43, 44, 45, 46, 47, 48, 49, 50, 51, 52, 53, 54, 55, 56, 57, 58, 59, 60, 61, 62, 63, 64, 65, 66, 67, 68, 69, 70, 71, 72, 73, 74, 75, 76, 77, 78, 79, 80, 81, 82, 83, 84, 85, 86, 87, 88, 89, 90, 91, 92, 93, 94, 95, 96, 97, 98, 99], "val_acc": [0.24661458333333333, 0.45, 0.5799479166666667, 0.66875, 0.7591145833333334, 0.8177083333333334, 0.8557291666666667, 0.8846354166666667, 0.91328125, 0.9171875, 0.9377604166666667, 0.9471354166666667, 0.93359375, 0.9513020833333333, 0.9580729166666667, 0.9614583333333333, 0.9638020833333333, 0.9677083333333333, 0.9747395833333333, 0.9731770833333333, 0.9752604166666666, 0.9729166666666667, 0.97265625, 0.9755208333333333, 0.9765625, 0.9815104166666667, 0.97890625, 0.9770833333333333, 0.9825520833333333, 0.9817708333333334, 0.9822916666666667, 0.98359375, 0.9828125, 0.98671875, 0.9833333333333333, 0.9880208333333333, 0.9875, 0.9846354166666667, 0.9880208333333333, 0.9856770833333334, 0.9869791666666666, 0.9875, 0.9885416666666667, 0.9895833333333334, 0.9893229166666667, 0.9901041666666667, 0.9888020833333333, 0.9877604166666667, 0.9885416666666667, 0.98828125, 0.98984375, 0.98984375, 0.98828125, 0.9893229166666667, 0.9861979166666667, 0.9903645833333333, 0.9872395833333333, 0.990625, 0.9895833333333334, 0.990625, 0.9901041666666667, 0.9903645833333333, 0.9903645833333333, 0.9890625, 0.9890625, 0.9908854166666666, 0.9919270833333333, 0.9885416666666667, 0.9864583333333333, 0.9901041666666667, 0.9890625, 0.990625, 0.9921875, 0.9885416666666667, 0.99140625, 0.9885416666666667, 0.9888020833333333, 0.9888020833333333, 0.9890625, 0.9895833333333334, 0.9885416666666667, 0.9895833333333334, 0.98984375, 0.9885416666666667, 0.98984375, 0.98984375, 0.9880208333333333, 0.9890625, 0.9888020833333333, 0.9890625, 0.9877604166666667, 0.9901041666666667, 0.98984375, 0.9893229166666667, 0.9885416666666667, 0.9888020833333333, 0.98828125, 0.98828125, 0.9901041666666667, 0.98828125]}