{"val_acc": [0.1046875, 0.16067708333333333, 0.21380208333333334, 0.2786458333333333, 0.33984375, 0.41770833333333335, 0.5278645833333333, 0.58828125, 0.6484375, 0.6908854166666667, 0.7190104166666667, 0.7497395833333333, 0.7880208333333333, 0.81015625, 0.8450520833333334, 0.84609375, 0.8544270833333333, 0.8736979166666666, 0.8752604166666667, 0.8872395833333333, 0.8950520833333333, 0.8989583333333333, 0.90703125, 0.9166666666666666, 0.9151041666666667, 0.9177083333333333, 0.92734375, 0.92890625, 0.9341145833333333, 0.9291666666666667, 0.9315104166666667, 0.9328125, 0.9375, 0.94140625, 0.9395833333333333, 0.9354166666666667, 0.9408854166666667, 0.9385416666666667, 0.9393229166666667, 0.9348958333333334, 0.9369791666666667, 0.9395833333333333, 0.9361979166666666, 0.9372395833333333, 0.9424479166666667, 0.9317708333333333, 0.9421875, 0.9380208333333333, 0.93828125, 0.9341145833333333, 0.93671875, 0.9372395833333333, 0.93515625, 0.9356770833333333, 0.93671875, 0.9356770833333333, 0.9317708333333333, 0.92890625, 0.9265625, 0.9315104166666667, 0.93203125, 0.9388020833333334, 0.9309895833333334, 0.93046875, 0.9354166666666667, 0.93125, 0.9299479166666667, 0.9252604166666667, 0.9296875, 0.9247395833333333, 0.9208333333333333, 0.9244791666666666, 0.92734375, 0.92734375, 0.92421875, 0.9265625, 0.92578125, 0.9231770833333334, 0.9221354166666667, 0.92109375, 0.91796875, 0.9221354166666667, 0.9190104166666667, 0.9145833333333333, 0.9151041666666667, 0.9208333333333333, 0.9177083333333333, 0.9145833333333333, 0.9169270833333333, 0.9111979166666667, 0.9125, 0.9161458333333333, 0.91015625, 0.91328125, 0.9083333333333333, 0.9138020833333333, 0.9106770833333333, 0.90625, 0.9080729166666667, 0.90625, 0.9088541666666666, 0.903125, 0.9091145833333333, 0.90546875, 0.903125, 0.9080729166666667, 0.9067708333333333, 0.9072916666666667, 0.9067708333333333], "epoch": [0, 1, 2, 3, 4, 5, 6, 7, 8, 9, 10, 11, 12, 13, 14, 15, 16, 17, 18, 19, 20, 21, 22, 23, 24, 25, 26, 27, 28, 29, 30, 31, 32, 33, 34, 35, 36, 37, 38, 39, 40, 41, 42, 43, 44, 45, 46, 47, 48, 49, 50, 51, 52, 53, 54, 55, 56, 57, 58, 59, 60, 61, 62, 63, 64, 65, 66, 67, 68, 69, 70, 71, 72, 73, 74, 75, 76, 77, 78, 79, 80, 81, 82, 83, 84, 85, 86, 87, 88, 89, 90, 91, 92, 93, 94, 95, 96, 97, 98, 99, 100, 101, 102, 103, 104, 105, 106, 107, 108], "tarin_loss": [33.191834162152006, 30.150625773838588, 29.33403399633983, 28.17654882158552, 27.56982191782149, 27.030881276206365, 26.542983796861435, 26.06697742522709, 25.653500027126736, 25.24639998541938, 24.927019633944074, 24.57711458963061, 24.27729004148453, 23.99038457113599, 23.73984518505278, 23.50365726531498, 23.26090573507642, 23.060696556454612, 22.841596906147306, 22.65077621217758, 22.462014607020787, 22.311660130818684, 22.118445895967028, 21.957135276188925, 21.814230812920464, 21.657562649439253, 21.550935260833256, 21.37011028471447, 21.246714274088543, 21.14752929929703, 21.013225555419922, 20.86512081206791, 20.77139397272988, 20.63852322290814, 20.50407073611305, 20.390738956511967, 20.279489365835037, 20.189373803517174, 20.046947570074174, 19.947417970687624, 19.859808422270277, 19.748019021654887, 19.65593607463534, 19.538737554398793, 19.414909453619096, 19.36458602784172, 19.244654761420357, 19.15073485601516, 19.04260726202102, 18.933879700918045, 18.86909996517121, 18.73709599933927, 18.681211532108367, 18.58507159399608, 18.518633070446196, 18.39479092189244, 18.28957376025972, 18.231959448920357, 18.105674531724716, 18.017278201996334, 17.9423764849466, 17.862116586594354, 17.773255484444753, 17.708925731598384, 17.564784095400857, 17.502590451921737, 17.491372335524787, 17.379226336403498, 17.309105979071724, 17.218809824141246, 17.148236774262926, 17.045761380876815, 16.980709560333736, 16.925151749262735, 16.841926741221595, 16.760591764298695, 16.674049256339906, 16.61283226618691, 16.572270181443955, 16.46944845290411, 16.40988169776069, 16.35818862915039, 16.286622562105695, 16.22690745762416, 16.141407800099206, 16.071505667671325, 16.021864467196995, 15.964928460499596, 15.88691893078032, 15.837499860733274, 15.797334322853693, 15.701117182534839, 15.668899445306687, 15.600217834351556, 15.50306628999256, 15.488143557593936, 15.401869894966246, 15.356522999112569, 15.302701329428052, 15.312497290353926, 15.205567874605693, 15.12933007497636, 15.107574583992125, 15.016481944492885, 15.015110288347516, 14.988028329516213, 14.946710828750852, 14.878772054399763, 14.842003231956845]}