{"epoch": [0, 1, 2, 3, 4, 5, 6, 7, 8, 9, 10, 11, 12, 13, 14, 15, 16, 17, 18, 19, 20, 21, 22, 23, 24, 25, 26, 27, 28, 29, 30, 31, 32, 33, 34, 35, 36, 37, 38, 39, 40, 41, 42, 43, 44, 45, 46, 47, 48, 49, 50, 51, 52, 53, 54, 55, 56, 57, 58, 59, 60, 61, 62, 63, 64, 65, 66, 67, 68, 69, 70, 71, 72, 73, 74, 75, 76, 77, 78, 79, 80, 81, 82, 83, 84, 85, 86, 87, 88, 89, 90, 91, 92, 93, 94, 95, 96, 97, 98, 99, 100, 101, 102, 103, 104, 105, 106, 107, 108, 109, 110], "val_acc": [0.2453125, 0.4549479166666667, 0.5734375, 0.7059895833333333, 0.78671875, 0.82578125, 0.8658854166666666, 0.8786458333333333, 0.9026041666666667, 0.9151041666666667, 0.93203125, 0.9380208333333333, 0.9317708333333333, 0.9520833333333333, 0.9583333333333334, 0.9546875, 0.9544270833333334, 0.9619791666666667, 0.9653645833333333, 0.9690104166666667, 0.9716145833333333, 0.9739583333333334, 0.9708333333333333, 0.97421875, 0.9736979166666667, 0.9786458333333333, 0.9752604166666666, 0.97421875, 0.9802083333333333, 0.9807291666666667, 0.98125, 0.9815104166666667, 0.9828125, 0.9838541666666667, 0.9833333333333333, 0.9817708333333334, 0.9828125, 0.98515625, 0.9846354166666667, 0.9848958333333333, 0.9830729166666666, 0.9828125, 0.9880208333333333, 0.98515625, 0.9861979166666667, 0.98515625, 0.9854166666666667, 0.9864583333333333, 0.9859375, 0.9864583333333333, 0.98515625, 0.9880208333333333, 0.9888020833333333, 0.9875, 0.9893229166666667, 0.9833333333333333, 0.9880208333333333, 0.9885416666666667, 0.9893229166666667, 0.9875, 0.9869791666666666, 0.9872395833333333, 0.98828125, 0.9880208333333333, 0.9880208333333333, 0.9859375, 0.9888020833333333, 0.9888020833333333, 0.9901041666666667, 0.9872395833333333, 0.9880208333333333, 0.9880208333333333, 0.9875, 0.9888020833333333, 0.9880208333333333, 0.9875, 0.9872395833333333, 0.9846354166666667, 0.9869791666666666, 0.98671875, 0.98828125, 0.9885416666666667, 0.9872395833333333, 0.9875, 0.98671875, 0.98984375, 0.9895833333333334, 0.9875, 0.9888020833333333, 0.9893229166666667, 0.9893229166666667, 0.9895833333333334, 0.9895833333333334, 0.9875, 0.99140625, 0.9875, 0.9872395833333333, 0.9872395833333333, 0.9880208333333333, 0.9890625, 0.9893229166666667, 0.9885416666666667, 0.98828125, 0.9895833333333334, 0.9848958333333333, 0.9880208333333333, 0.9890625, 0.98984375, 0.98671875, 0.9890625, 0.98671875], "tarin_loss": [33.753237376137385, 29.509164598253037, 27.98567214844719, 27.065806555369544, 26.378176552908762, 25.32581087142702, 24.725011825561523, 24.329499592856756, 23.99034197368319, 23.67880364069863, 23.4027895548987, 23.15443199399918, 22.93657720656622, 22.73853214203365, 22.52744986518981, 22.35971432640439, 22.203560117691282, 22.058541888282413, 21.915270517742822, 21.80565643310547, 21.671557199387323, 21.577282103281174, 21.470670821174743, 21.39269317142547, 21.29417077321855, 21.188361909654404, 21.088824983627077, 21.020336363050674, 20.950436698065865, 20.881690524873278, 20.81135431925456, 20.763660975864955, 20.681783585321334, 20.628344429863823, 20.554096040271578, 20.499218410915798, 20.457287046644424, 20.40964765397329, 20.359088352748326, 20.319820404052734, 20.282333707052565, 20.220911207653227, 20.181444380018448, 20.127911825028676, 20.079654754154266, 20.06157878088573, 20.022809618995304, 19.971952559455993, 19.94962277488103, 19.895307026212176, 19.88625060187446, 19.815500259399414, 19.78008230905684, 19.7523003532773, 19.72324586293054, 19.709131755526105, 19.652991703578405, 19.6234926798987, 19.604307689363996, 19.603238847520615, 19.547822467864506, 19.50443086170015, 19.484385021149166, 19.447329536316886, 19.436512780567956, 19.402583954826234, 19.383772895449685, 19.334328575739786, 19.329347792125883, 19.320165513053773, 19.2796079544794, 19.256506813897026, 19.226579060630193, 19.22479390341138, 19.18007923307873, 19.195015559120783, 19.151127557905895, 19.148926507859002, 19.10567307850671, 19.089902998909118, 19.065223966326034, 19.029825725252667, 19.040805725824264, 19.0115903521341, 18.99694818163675, 18.964852106003534, 18.946196752881246, 18.939069929577055, 18.906791444808718, 18.878942156594896, 18.879088265555247, 18.870324361891974, 18.85272701202877, 18.825541693066793, 18.826303239852663, 18.791490403432693, 18.780884515671502, 18.766935590713743, 18.74422803000798, 18.72795898195297, 18.699583628820996, 18.707991887652685, 18.710706165858678, 18.686125921824623, 18.663257144746325, 18.65660788520934, 18.639745348975772, 18.630222290281264, 18.60080255780901, 18.597295095050146, 18.59220525953505]}